<?xml version="1.0" ?>
<LOG_ROOT>
	<PROJECT NAME="g07_stack">
		<CBX_INST_ENTRY INSTANCE_NAME="|g07_stack|BUSMUX:inst139|LPM_MUX:$00000" CBX_FILE_NAME="mux_qmc.tdf"/>
		<CBX_INST_ENTRY INSTANCE_NAME="|g07_stack|BUSMUX:inst58|LPM_MUX:$00000" CBX_FILE_NAME="mux_qmc.tdf"/>
		<CBX_INST_ENTRY INSTANCE_NAME="|g07_stack|BUSMUX:inst76|LPM_MUX:$00000" CBX_FILE_NAME="mux_qmc.tdf"/>
		<CBX_INST_ENTRY INSTANCE_NAME="|g07_stack|BUSMUX:inst149|LPM_MUX:$00000" CBX_FILE_NAME="mux_qmc.tdf"/>
		<CBX_INST_ENTRY INSTANCE_NAME="|g07_stack|BUSMUX:inst68|LPM_MUX:$00000" CBX_FILE_NAME="mux_qmc.tdf"/>
		<CBX_INST_ENTRY INSTANCE_NAME="|g07_stack|BUSMUX:inst86|LPM_MUX:$00000" CBX_FILE_NAME="mux_qmc.tdf"/>
		<CBX_INST_ENTRY INSTANCE_NAME="|g07_stack|BUSMUX:inst78|LPM_MUX:$00000" CBX_FILE_NAME="mux_qmc.tdf"/>
		<CBX_INST_ENTRY INSTANCE_NAME="|g07_stack|BUSMUX:inst96|LPM_MUX:$00000" CBX_FILE_NAME="mux_qmc.tdf"/>
		<CBX_INST_ENTRY INSTANCE_NAME="|g07_stack|BUSMUX:inst88|LPM_MUX:$00000" CBX_FILE_NAME="mux_qmc.tdf"/>
		<CBX_INST_ENTRY INSTANCE_NAME="|g07_stack|BUSMUX:inst98|LPM_MUX:$00000" CBX_FILE_NAME="mux_qmc.tdf"/>
		<CBX_INST_ENTRY INSTANCE_NAME="|g07_stack|LPM_MUX:inst159" CBX_FILE_NAME="mux_koc.tdf"/>
		<CBX_INST_ENTRY INSTANCE_NAME="|g07_stack|BUSMUX:inst110|LPM_MUX:$00000" CBX_FILE_NAME="mux_qmc.tdf"/>
		<CBX_INST_ENTRY INSTANCE_NAME="|g07_stack|BUSMUX:inst11|LPM_MUX:$00000" CBX_FILE_NAME="mux_qmc.tdf"/>
		<CBX_INST_ENTRY INSTANCE_NAME="|g07_stack|BUSMUX:inst120|LPM_MUX:$00000" CBX_FILE_NAME="mux_qmc.tdf"/>
		<CBX_INST_ENTRY INSTANCE_NAME="|g07_stack|BUSMUX:inst21|LPM_MUX:$00000" CBX_FILE_NAME="mux_qmc.tdf"/>
		<CBX_INST_ENTRY INSTANCE_NAME="|g07_stack|g07_popenable:inst13|LPM_ROM:rom|altrom:srom|altsyncram:rom_block" CBX_FILE_NAME="altsyncram_q001.tdf"/>
		<CBX_INST_ENTRY INSTANCE_NAME="|g07_stack|BUSMUX:inst31|LPM_MUX:$00000" CBX_FILE_NAME="mux_qmc.tdf"/>
		<CBX_INST_ENTRY INSTANCE_NAME="|g07_stack|BUSMUX:inst104|LPM_MUX:$00000" CBX_FILE_NAME="mux_qmc.tdf"/>
		<CBX_INST_ENTRY INSTANCE_NAME="|g07_stack|BUSMUX:inst23|LPM_MUX:$00000" CBX_FILE_NAME="mux_qmc.tdf"/>
		<CBX_INST_ENTRY INSTANCE_NAME="|g07_stack|BUSMUX:inst5|LPM_MUX:$00000" CBX_FILE_NAME="mux_qmc.tdf"/>
		<CBX_INST_ENTRY INSTANCE_NAME="|g07_stack|BUSMUX:inst114|LPM_MUX:$00000" CBX_FILE_NAME="mux_qmc.tdf"/>
		<CBX_INST_ENTRY INSTANCE_NAME="|g07_stack|BUSMUX:inst132|LPM_MUX:$00000" CBX_FILE_NAME="mux_qmc.tdf"/>
		<CBX_INST_ENTRY INSTANCE_NAME="|g07_stack|BUSMUX:inst150|LPM_MUX:$00000" CBX_FILE_NAME="mux_qmc.tdf"/>
		<CBX_INST_ENTRY INSTANCE_NAME="|g07_stack|BUSMUX:inst15|LPM_MUX:$00000" CBX_FILE_NAME="mux_boc.tdf"/>
		<CBX_INST_ENTRY INSTANCE_NAME="|g07_stack|BUSMUX:inst33|LPM_MUX:$00000" CBX_FILE_NAME="mux_qmc.tdf"/>
		<CBX_INST_ENTRY INSTANCE_NAME="|g07_stack|BUSMUX:inst106|LPM_MUX:$00000" CBX_FILE_NAME="mux_qmc.tdf"/>
		<CBX_INST_ENTRY INSTANCE_NAME="|g07_stack|BUSMUX:inst124|LPM_MUX:$00000" CBX_FILE_NAME="mux_qmc.tdf"/>
		<CBX_INST_ENTRY INSTANCE_NAME="|g07_stack|BUSMUX:inst25|LPM_MUX:$00000" CBX_FILE_NAME="mux_qmc.tdf"/>
		<CBX_INST_ENTRY INSTANCE_NAME="|g07_stack|BUSMUX:inst43|LPM_MUX:$00000" CBX_FILE_NAME="mux_qmc.tdf"/>
		<CBX_INST_ENTRY INSTANCE_NAME="|g07_stack|BUSMUX:inst7|LPM_MUX:$00000" CBX_FILE_NAME="mux_qmc.tdf"/>
		<CBX_INST_ENTRY INSTANCE_NAME="|g07_stack|BUSMUX:inst116|LPM_MUX:$00000" CBX_FILE_NAME="mux_qmc.tdf"/>
		<CBX_INST_ENTRY INSTANCE_NAME="|g07_stack|BUSMUX:inst134|LPM_MUX:$00000" CBX_FILE_NAME="mux_qmc.tdf"/>
		<CBX_INST_ENTRY INSTANCE_NAME="|g07_stack|BUSMUX:inst35|LPM_MUX:$00000" CBX_FILE_NAME="mux_qmc.tdf"/>
		<CBX_INST_ENTRY INSTANCE_NAME="|g07_stack|BUSMUX:inst53|LPM_MUX:$00000" CBX_FILE_NAME="mux_qmc.tdf"/>
		<CBX_INST_ENTRY INSTANCE_NAME="|g07_stack|BUSMUX:inst71|LPM_MUX:$00000" CBX_FILE_NAME="mux_qmc.tdf"/>
		<CBX_INST_ENTRY INSTANCE_NAME="|g07_stack|BUSMUX:inst108|LPM_MUX:$00000" CBX_FILE_NAME="mux_qmc.tdf"/>
		<CBX_INST_ENTRY INSTANCE_NAME="|g07_stack|BUSMUX:inst117|LPM_MUX:$00000" CBX_FILE_NAME="mux_qmc.tdf"/>
		<CBX_INST_ENTRY INSTANCE_NAME="|g07_stack|BUSMUX:inst126|LPM_MUX:$00000" CBX_FILE_NAME="mux_qmc.tdf"/>
		<CBX_INST_ENTRY INSTANCE_NAME="|g07_stack|BUSMUX:inst135|LPM_MUX:$00000" CBX_FILE_NAME="mux_qmc.tdf"/>
		<CBX_INST_ENTRY INSTANCE_NAME="|g07_stack|BUSMUX:inst144|LPM_MUX:$00000" CBX_FILE_NAME="mux_qmc.tdf"/>
		<CBX_INST_ENTRY INSTANCE_NAME="|g07_stack|BUSMUX:inst27|LPM_MUX:$00000" CBX_FILE_NAME="mux_qmc.tdf"/>
		<CBX_INST_ENTRY INSTANCE_NAME="|g07_stack|BUSMUX:inst36|LPM_MUX:$00000" CBX_FILE_NAME="mux_qmc.tdf"/>
		<CBX_INST_ENTRY INSTANCE_NAME="|g07_stack|BUSMUX:inst45|LPM_MUX:$00000" CBX_FILE_NAME="mux_qmc.tdf"/>
		<CBX_INST_ENTRY INSTANCE_NAME="|g07_stack|BUSMUX:inst54|LPM_MUX:$00000" CBX_FILE_NAME="mux_qmc.tdf"/>
		<CBX_INST_ENTRY INSTANCE_NAME="|g07_stack|BUSMUX:inst81|LPM_MUX:$00000" CBX_FILE_NAME="mux_qmc.tdf"/>
		<CBX_INST_ENTRY INSTANCE_NAME="|g07_stack|BUSMUX:inst90|LPM_MUX:$00000" CBX_FILE_NAME="mux_qmc.tdf"/>
		<CBX_INST_ENTRY INSTANCE_NAME="|g07_stack|BUSMUX:inst9|LPM_MUX:$00000" CBX_FILE_NAME="mux_qmc.tdf"/>
		<CBX_INST_ENTRY INSTANCE_NAME="|g07_stack|BUSMUX:inst109|LPM_MUX:$00000" CBX_FILE_NAME="mux_qmc.tdf"/>
		<CBX_INST_ENTRY INSTANCE_NAME="|g07_stack|BUSMUX:inst118|LPM_MUX:$00000" CBX_FILE_NAME="mux_qmc.tdf"/>
		<CBX_INST_ENTRY INSTANCE_NAME="|g07_stack|BUSMUX:inst127|LPM_MUX:$00000" CBX_FILE_NAME="mux_qmc.tdf"/>
		<CBX_INST_ENTRY INSTANCE_NAME="|g07_stack|BUSMUX:inst136|LPM_MUX:$00000" CBX_FILE_NAME="mux_qmc.tdf"/>
		<CBX_INST_ENTRY INSTANCE_NAME="|g07_stack|BUSMUX:inst145|LPM_MUX:$00000" CBX_FILE_NAME="mux_qmc.tdf"/>
		<CBX_INST_ENTRY INSTANCE_NAME="|g07_stack|BUSMUX:inst37|LPM_MUX:$00000" CBX_FILE_NAME="mux_qmc.tdf"/>
		<CBX_INST_ENTRY INSTANCE_NAME="|g07_stack|BUSMUX:inst46|LPM_MUX:$00000" CBX_FILE_NAME="mux_qmc.tdf"/>
		<CBX_INST_ENTRY INSTANCE_NAME="|g07_stack|BUSMUX:inst55|LPM_MUX:$00000" CBX_FILE_NAME="mux_qmc.tdf"/>
		<CBX_INST_ENTRY INSTANCE_NAME="|g07_stack|BUSMUX:inst64|LPM_MUX:$00000" CBX_FILE_NAME="mux_qmc.tdf"/>
		<CBX_INST_ENTRY INSTANCE_NAME="|g07_stack|BUSMUX:inst82|LPM_MUX:$00000" CBX_FILE_NAME="mux_qmc.tdf"/>
		<CBX_INST_ENTRY INSTANCE_NAME="|g07_stack|BUSMUX:inst91|LPM_MUX:$00000" CBX_FILE_NAME="mux_qmc.tdf"/>
		<CBX_INST_ENTRY INSTANCE_NAME="|g07_stack|BUSMUX:inst119|LPM_MUX:$00000" CBX_FILE_NAME="mux_qmc.tdf"/>
		<CBX_INST_ENTRY INSTANCE_NAME="|g07_stack|BUSMUX:inst137|LPM_MUX:$00000" CBX_FILE_NAME="mux_qmc.tdf"/>
		<CBX_INST_ENTRY INSTANCE_NAME="|g07_stack|BUSMUX:inst146|LPM_MUX:$00000" CBX_FILE_NAME="mux_qmc.tdf"/>
		<CBX_INST_ENTRY INSTANCE_NAME="|g07_stack|BUSMUX:inst38|LPM_MUX:$00000" CBX_FILE_NAME="mux_qmc.tdf"/>
		<CBX_INST_ENTRY INSTANCE_NAME="|g07_stack|BUSMUX:inst47|LPM_MUX:$00000" CBX_FILE_NAME="mux_qmc.tdf"/>
		<CBX_INST_ENTRY INSTANCE_NAME="|g07_stack|BUSMUX:inst56|LPM_MUX:$00000" CBX_FILE_NAME="mux_qmc.tdf"/>
		<CBX_INST_ENTRY INSTANCE_NAME="|g07_stack|BUSMUX:inst65|LPM_MUX:$00000" CBX_FILE_NAME="mux_qmc.tdf"/>
		<CBX_INST_ENTRY INSTANCE_NAME="|g07_stack|BUSMUX:inst92|LPM_MUX:$00000" CBX_FILE_NAME="mux_qmc.tdf"/>
		<CBX_INST_ENTRY INSTANCE_NAME="|g07_stack|LPM_COMPARE:inst156" CBX_FILE_NAME="cmpr_pkd.tdf"/>
		<CBX_INST_ENTRY INSTANCE_NAME="|g07_stack|BUSMUX:inst138|LPM_MUX:$00000" CBX_FILE_NAME="mux_qmc.tdf"/>
		<CBX_INST_ENTRY INSTANCE_NAME="|g07_stack|BUSMUX:inst147|LPM_MUX:$00000" CBX_FILE_NAME="mux_qmc.tdf"/>
		<CBX_INST_ENTRY INSTANCE_NAME="|g07_stack|BUSMUX:inst48|LPM_MUX:$00000" CBX_FILE_NAME="mux_qmc.tdf"/>
		<CBX_INST_ENTRY INSTANCE_NAME="|g07_stack|BUSMUX:inst57|LPM_MUX:$00000" CBX_FILE_NAME="mux_qmc.tdf"/>
		<CBX_INST_ENTRY INSTANCE_NAME="|g07_stack|BUSMUX:inst66|LPM_MUX:$00000" CBX_FILE_NAME="mux_qmc.tdf"/>
		<CBX_INST_ENTRY INSTANCE_NAME="|g07_stack|BUSMUX:inst75|LPM_MUX:$00000" CBX_FILE_NAME="mux_qmc.tdf"/>
		<CBX_INST_ENTRY INSTANCE_NAME="|g07_stack|BUSMUX:inst93|LPM_MUX:$00000" CBX_FILE_NAME="mux_qmc.tdf"/>
		<CBX_INST_ENTRY INSTANCE_NAME="|g07_stack|LPM_COMPARE:inst157" CBX_FILE_NAME="cmpr_t0f.tdf"/>
		<CBX_INST_ENTRY INSTANCE_NAME="|g07_stack|BUSMUX:inst148|LPM_MUX:$00000" CBX_FILE_NAME="mux_qmc.tdf"/>
		<CBX_INST_ENTRY INSTANCE_NAME="|g07_stack|BUSMUX:inst49|LPM_MUX:$00000" CBX_FILE_NAME="mux_qmc.tdf"/>
		<CBX_INST_ENTRY INSTANCE_NAME="|g07_stack|BUSMUX:inst67|LPM_MUX:$00000" CBX_FILE_NAME="mux_qmc.tdf"/>
		<CBX_INST_ENTRY INSTANCE_NAME="|g07_stack|BUSMUX:inst59|LPM_MUX:$00000" CBX_FILE_NAME="mux_qmc.tdf"/>
		<CBX_INST_ENTRY INSTANCE_NAME="|g07_stack|BUSMUX:inst77|LPM_MUX:$00000" CBX_FILE_NAME="mux_qmc.tdf"/>
		<CBX_INST_ENTRY INSTANCE_NAME="|g07_stack|BUSMUX:inst69|LPM_MUX:$00000" CBX_FILE_NAME="mux_qmc.tdf"/>
		<CBX_INST_ENTRY INSTANCE_NAME="|g07_stack|BUSMUX:inst87|LPM_MUX:$00000" CBX_FILE_NAME="mux_qmc.tdf"/>
		<CBX_INST_ENTRY INSTANCE_NAME="|g07_stack|BUSMUX:inst79|LPM_MUX:$00000" CBX_FILE_NAME="mux_qmc.tdf"/>
		<CBX_INST_ENTRY INSTANCE_NAME="|g07_stack|BUSMUX:inst97|LPM_MUX:$00000" CBX_FILE_NAME="mux_qmc.tdf"/>
		<CBX_INST_ENTRY INSTANCE_NAME="|g07_stack|BUSMUX:inst10|LPM_MUX:$00000" CBX_FILE_NAME="mux_qmc.tdf"/>
		<CBX_INST_ENTRY INSTANCE_NAME="|g07_stack|BUSMUX:inst89|LPM_MUX:$00000" CBX_FILE_NAME="mux_qmc.tdf"/>
		<CBX_INST_ENTRY INSTANCE_NAME="|g07_stack|BUSMUX:inst20|LPM_MUX:$00000" CBX_FILE_NAME="mux_qmc.tdf"/>
		<CBX_INST_ENTRY INSTANCE_NAME="|g07_stack|BUSMUX:inst99|LPM_MUX:$00000" CBX_FILE_NAME="mux_qmc.tdf"/>
		<CBX_INST_ENTRY INSTANCE_NAME="|g07_stack|BUSMUX:inst12|LPM_MUX:$00000" CBX_FILE_NAME="mux_qmc.tdf"/>
		<CBX_INST_ENTRY INSTANCE_NAME="|g07_stack|BUSMUX:inst103|LPM_MUX:$00000" CBX_FILE_NAME="mux_qmc.tdf"/>
		<CBX_INST_ENTRY INSTANCE_NAME="|g07_stack|BUSMUX:inst121|LPM_MUX:$00000" CBX_FILE_NAME="mux_qmc.tdf"/>
		<CBX_INST_ENTRY INSTANCE_NAME="|g07_stack|BUSMUX:inst22|LPM_MUX:$00000" CBX_FILE_NAME="mux_qmc.tdf"/>
		<CBX_INST_ENTRY INSTANCE_NAME="|g07_stack|BUSMUX:inst14|LPM_MUX:$00000" CBX_FILE_NAME="mux_boc.tdf"/>
		<CBX_INST_ENTRY INSTANCE_NAME="|g07_stack|BUSMUX:inst32|LPM_MUX:$00000" CBX_FILE_NAME="mux_qmc.tdf"/>
		<CBX_INST_ENTRY INSTANCE_NAME="|g07_stack|BUSMUX:inst105|LPM_MUX:$00000" CBX_FILE_NAME="mux_qmc.tdf"/>
		<CBX_INST_ENTRY INSTANCE_NAME="|g07_stack|BUSMUX:inst24|LPM_MUX:$00000" CBX_FILE_NAME="mux_qmc.tdf"/>
		<CBX_INST_ENTRY INSTANCE_NAME="|g07_stack|BUSMUX:inst42|LPM_MUX:$00000" CBX_FILE_NAME="mux_qmc.tdf"/>
		<CBX_INST_ENTRY INSTANCE_NAME="|g07_stack|BUSMUX:inst60|LPM_MUX:$00000" CBX_FILE_NAME="mux_qmc.tdf"/>
		<CBX_INST_ENTRY INSTANCE_NAME="|g07_stack|BUSMUX:inst6|LPM_MUX:$00000" CBX_FILE_NAME="mux_qmc.tdf"/>
		<CBX_INST_ENTRY INSTANCE_NAME="|g07_stack|BUSMUX:inst115|LPM_MUX:$00000" CBX_FILE_NAME="mux_qmc.tdf"/>
		<CBX_INST_ENTRY INSTANCE_NAME="|g07_stack|BUSMUX:inst133|LPM_MUX:$00000" CBX_FILE_NAME="mux_qmc.tdf"/>
		<CBX_INST_ENTRY INSTANCE_NAME="|g07_stack|BUSMUX:inst151|LPM_MUX:$00000" CBX_FILE_NAME="mux_qmc.tdf"/>
		<CBX_INST_ENTRY INSTANCE_NAME="|g07_stack|BUSMUX:inst16|LPM_MUX:$00000" CBX_FILE_NAME="mux_boc.tdf"/>
		<CBX_INST_ENTRY INSTANCE_NAME="|g07_stack|BUSMUX:inst34|LPM_MUX:$00000" CBX_FILE_NAME="mux_qmc.tdf"/>
		<CBX_INST_ENTRY INSTANCE_NAME="|g07_stack|BUSMUX:inst70|LPM_MUX:$00000" CBX_FILE_NAME="mux_qmc.tdf"/>
		<CBX_INST_ENTRY INSTANCE_NAME="|g07_stack|BUSMUX:inst107|LPM_MUX:$00000" CBX_FILE_NAME="mux_qmc.tdf"/>
		<CBX_INST_ENTRY INSTANCE_NAME="|g07_stack|BUSMUX:inst125|LPM_MUX:$00000" CBX_FILE_NAME="mux_qmc.tdf"/>
		<CBX_INST_ENTRY INSTANCE_NAME="|g07_stack|BUSMUX:inst26|LPM_MUX:$00000" CBX_FILE_NAME="mux_qmc.tdf"/>
		<CBX_INST_ENTRY INSTANCE_NAME="|g07_stack|BUSMUX:inst44|LPM_MUX:$00000" CBX_FILE_NAME="mux_qmc.tdf"/>
		<CBX_INST_ENTRY INSTANCE_NAME="|g07_stack|BUSMUX:inst80|LPM_MUX:$00000" CBX_FILE_NAME="mux_qmc.tdf"/>
		<CBX_INST_ENTRY INSTANCE_NAME="|g07_stack|BUSMUX:inst8|LPM_MUX:$00000" CBX_FILE_NAME="mux_qmc.tdf"/>
		<CBX_INST_ENTRY INSTANCE_NAME="|g07_stack|LPM_COUNTER:inst" CBX_FILE_NAME="cntr_qeg.tdf"/>
	</PROJECT>
</LOG_ROOT>
