<?xml version="1.0" ?>
<LOG_ROOT>
	<PROJECT NAME="g07_stack">
		<CBX_INST_ENTRY INSTANCE_NAME="|g07_rules|mod13:m1|LPM_ADD_SUB:A1" CBX_FILE_NAME="add_sub_27g.tdf"/>
		<CBX_INST_ENTRY INSTANCE_NAME="|g07_rules|mod13:m1|LPM_ADD_SUB:A3" CBX_FILE_NAME="add_sub_a8g.tdf"/>
		<CBX_INST_ENTRY INSTANCE_NAME="|g07_rules|mod13:m2|LPM_ADD_SUB:A2" CBX_FILE_NAME="add_sub_a8g.tdf"/>
		<CBX_INST_ENTRY INSTANCE_NAME="|g07_rules|mod13:m2|LPM_ADD_SUB:A4" CBX_FILE_NAME="add_sub_b9g.tdf"/>
		<CBX_INST_ENTRY INSTANCE_NAME="|g07_rules|mod13:m1|LPM_ADD_SUB:A2" CBX_FILE_NAME="add_sub_a8g.tdf"/>
		<CBX_INST_ENTRY INSTANCE_NAME="|g07_rules|mod13:m1|LPM_ADD_SUB:A4" CBX_FILE_NAME="add_sub_b9g.tdf"/>
		<CBX_INST_ENTRY INSTANCE_NAME="|g07_rules|mod13:m2|LPM_ADD_SUB:A1" CBX_FILE_NAME="add_sub_27g.tdf"/>
		<CBX_INST_ENTRY INSTANCE_NAME="|g07_rules|mod13:m2|LPM_ADD_SUB:A3" CBX_FILE_NAME="add_sub_a8g.tdf"/>
	</PROJECT>
</LOG_ROOT>
